,Track ID,Crossing starts at X,Crossing starts at Y,Crossing start at TS,Crossing ends at X,Crossing ends at Y,Crossing ends at TS,x1,y1,x2,y2,x3,y3,x4,y4
0,P1,1007.459,983.274,25100,995.533,981.156,33100,1149.4403946115367,790.3423774923592,1154.0782047018577,793.5813152142239,1166.190817962422,793.5813152142238,1161.553007872101,790.3423774923592
1,P2,1007.364,983.328,69600,1000.786,980.866,71200,1278.53670848179,566.6533374264645,1283.685035652086,568.9974209035595,1290.7086763034863,568.9974209035595,1285.5603491331901,566.6533374264645
2,P3,978.589,1006.587,87200,981.699,1018.227,91100,1234.6752328150537,-684.181639334974,1239.5721864134553,-687.0135725006937,1227.523879478454,-687.0135725006937,1222.6269258800526,-684.1816393349741
3,P4,1006.542,978.526,174500,982.984,1016.184,183700,-339.5372034293832,1369.530314231618,-340.8069120826374,1375.0428308924409,-296.38727309265903,1375.0428308924409,-295.117564439405,1369.530314231618
4,P5,1016.991,992.656,191600,1019.783,1004.162,194700,1213.9057443564252,-752.7574331426248,1218.736189388116,-755.7013762120158,1206.8962865168926,-755.7013762120158,1202.0658414852019,-752.7574331426248
5,P6,1019.162,1005.464,202600,1019.651,992.599,209800,-951.2310725735092,1054.5422623928598,-955.0762554575832,1058.6913066910113,-967.9505455739352,1058.6913066910115,-964.1053626898612,1054.5422623928598
6,P7,1016.635,992.756,248500,1019.215,1001.242,250400,1251.9242780817026,-682.5661379958779,1256.9148458517109,-685.2296381991735,1248.0453139587642,-685.2296381991733,1243.0547461887559,-682.5661379958779
7,P8,995.568,981.731,323600,1000.717,981.876,327200,1025.9043933956427,951.3741625020717,1030.0154068696115,955.2599787891402,1024.8643656156514,955.2599787891402,1020.7533521416824,951.3741625020716
